element,temperature_K,alpha1,beta1,alpha2,beta2,source,alpha0,alpha1_plus_2beta1,alpha1_minus_beta1,r_alpha2,family,PC1,PC2,PC3,PC4,PC5
Ca,726,-0.25053417424885516,-0.2186400628783606,-0.09006497594446884,0.07377463726012624,Ca_screenshot_converted_from_N_per_m,1.8893047968392742,-0.6878143000055763,-0.031894111370494554,0.5497142857109305,$\alpha_2$-dominated,0.9525567669274762,-1.9306292279225623,-2.594059044837934,1.3366320487648355,5.393644653457997e-05
Ca,750,-0.24566579717077572,-0.2235708550471846,-0.08994014576297964,0.057796374029506686,Ca_screenshot_converted_from_N_per_m,1.9140211727741385,-0.692807507265145,-0.022094942123591116,0.608787494714933,$\alpha_2$-dominated,0.9233438955788863,-1.9317848904107904,-2.5873703454281443,1.3168352358531663,5.4092450600055833e-05
Cr,300,-0.844,-0.405,-2.242,0.098,compiled_csv,10.844000000000001,-1.654,-0.43899999999999995,0.9581196581192487,$\alpha_2$-dominated,2.0605593010102696,-1.6089792442981816,3.3804255244150245,-1.9759263853062616,-0.0003583693678643386
Fe,30,-1.11,-0.972,-1.053,-0.026,compiled_csv,11.09,-3.0540000000000003,-0.13800000000000012,0.9759036144569267,$\alpha_2$-dominated,0.02783698313341959,-2.05891810071993,3.5855482500891016,-0.2139054323837027,-0.0002914655480563672
Fe,50,-1.094,-0.977,-1.048,-0.019,compiled_csv,10.924000000000001,-3.048,-0.1170000000000001,0.9821930646663709,$\alpha_2$-dominated,0.03625581361042296,-2.1108802797698014,3.489778158951179,-0.19727221287964283,-0.0002856868155220288
Fe,130,-1.083,-0.97,-1.066,-0.027,compiled_csv,10.904,-3.0229999999999997,-0.11299999999999999,0.9752973467511662,$\alpha_2$-dominated,0.053156090403831964,-2.109226228065455,3.4704778928622355,-0.23654331652175278,-0.00028553208773570164
Fe,298,-1.02,-0.974,-1.092,-0.094,compiled_csv,10.72,-2.968,-0.04600000000000004,0.9207419898811797,$\alpha_2$-dominated,-0.0034382400592905347,-2.164205387196886,3.315107835551562,-0.3637954371926492,-0.00027639803545832884
Fe,299,-1.022,-0.959,-1.035,-0.072,compiled_csv,10.534,-2.94,-0.06300000000000006,0.9349593495926513,$\alpha_2$-dominated,0.007110409247524622,-2.1420574970730333,3.1990261431992284,-0.2476444558137519,-0.0002687864998854344
Fe,300,-1.054,-0.937,-0.913,-0.034,compiled_csv,10.394,-2.928,-0.11699999999999999,0.9640971488902175,$\alpha_2$-dominated,-0.013068634442090193,-2.051783896008385,3.1094845044050663,-0.008903940677534888,-0.0002608131235211423
Fe,300,-0.985,-0.976,-1.074,-0.144,compiled_csv,10.604000000000001,-2.937,-0.009000000000000008,0.8817733990140544,$\alpha_2$-dominated,-0.07913482606883603,-2.1720804158815157,3.2063995687299185,-0.39979539041304196,-0.00026860117649527715
Fe,300,-1.037,-0.929,-0.978,-0.039,compiled_csv,10.408,-2.895,-0.10799999999999987,0.9616519174031842,$\alpha_2$-dominated,0.04889485309951937,-2.0720639918635273,3.1196033536044223,-0.1183738704451075,-0.0002642453275018675
Fe,510,-0.957,-0.922,-0.931,-0.081,compiled_csv,9.842,-2.801,-0.03499999999999992,0.9199604743073913,$\alpha_2$-dominated,-0.00035506592086963874,-2.1533859889581866,2.728835823927568,-0.10082263606825997,-0.00023994847494551814
Fe,523,-0.994,-0.947,-0.952,-0.081,compiled_csv,10.18,-2.888,-0.04700000000000004,0.9215876089052065,$\alpha_2$-dominated,-0.038712909080303996,-2.1429163819398775,2.9548921398823804,-0.13063953734723804,-0.00025223282897218855
Fe,595,-0.928,-0.942,-0.983,-0.11,compiled_csv,9.83,-2.812,0.013999999999999901,0.8993595608408972,$\alpha_2$-dominated,-0.01842078925051716,-2.23167493824012,2.7194265943271128,-0.21840891984798208,-0.00023986364793735033
Fe,647,-0.926,-0.916,-0.843,-0.102,compiled_csv,9.502,-2.758,-0.010000000000000009,0.8920634920625481,$\alpha_2$-dominated,-0.07542136134954507,-2.1584015271362955,2.4874575342132417,0.009216704633907644,-0.00022283572807185067
Fe,687,-0.877,-0.939,-0.934,-0.128,compiled_csv,9.396,-2.755,0.061999999999999944,0.8794726930311869,$\alpha_2$-dominated,-0.052792690882270434,-2.2947412359868027,2.4292793346298844,-0.1661171599378287,-0.00022137848545141804
Fe,740,-0.925,-0.919,-0.895,-0.119,compiled_csv,9.666,-2.763,-0.006000000000000005,0.8826429980267428,$\alpha_2$-dominated,-0.06576161928118512,-2.1553334461433247,2.5861203126690007,-0.09369185746555497,-0.00022999616775639997
Fe,773,-0.844,-0.947,-0.94,-0.149,compiled_csv,9.228,-2.738,0.10299999999999998,0.8631772268127977,$\alpha_2$-dominated,-0.07467030578942509,-2.3542186573058874,2.3156932114105064,-0.202486356141116,-0.00021438839419020574
Fe,805,-0.84,-0.924,-0.876,-0.108,compiled_csv,8.904,-2.688,0.08400000000000007,0.8902439024381197,$\alpha_2$-dominated,-0.02567110050512224,-2.347879281238223,2.122212686657387,-0.0521071815099949,-0.00020286271997431996
Fe,842,-0.828,-0.923,-0.889,-0.129,compiled_csv,8.918,-2.674,0.09500000000000008,0.8732809430246824,$\alpha_2$-dominated,-0.040611801810844145,-2.3451079998241817,2.117340826620807,-0.09955046676369278,-0.00020279441698316174
Fe,870,-0.823,-0.931,-0.881,-0.126,compiled_csv,8.85,-2.685,0.1080000000000001,0.874875868916708,$\alpha_2$-dominated,-0.050646093023314014,-2.3766002194272993,2.080624292362496,-0.0827048136229748,-0.00020002128165057194
Fe,900,-0.791,-0.913,-0.811,-0.159,compiled_csv,8.586,-2.617,0.122,0.8360824742259422,$\alpha_2$-dominated,-0.11325282732858927,-2.3429166800164953,1.8737840708052473,-0.017105508773492976,-0.00018601084770744934
Fe,923,-0.804,-0.932,-0.869,-0.13,compiled_csv,8.69,-2.668,0.128,0.8698698698689992,$\alpha_2$-dominated,-0.057448011663594915,-2.409732827946444,1.9775623397042499,-0.06943812256024798,-0.00019359219553061443
Fe,934,-0.782,-0.925,-0.863,-0.14,compiled_csv,8.542,-2.632,0.14300000000000002,0.8604187437678359,$\alpha_2$-dominated,-0.05619995806227316,-2.423194523123205,1.874137748591323,-0.07392128415128726,-0.00018770623609228444
Fe,962,-0.771,-0.924,-0.844,-0.115,compiled_csv,8.316,-2.619,0.15300000000000002,0.880083420228488,$\alpha_2$-dominated,-0.024786558907715826,-2.471201508894126,1.7486355851363555,-0.0128516776707247,-0.00018032228978671238
Fe,963,-0.77,-0.925,-0.846,-0.156,compiled_csv,8.476,-2.62,0.15500000000000003,0.8443113772446662,$\alpha_2$-dominated,-0.08768587036200022,-2.423752048881527,1.8194944428586366,-0.067882574148974,-0.00018368552197642717
Fe,981,-0.766,-0.916,-0.825,-0.137,compiled_csv,8.326,-2.598,0.15000000000000002,0.8575883575874661,$\alpha_2$-dominated,-0.05956794813722491,-2.430637532386331,1.7320904524280116,-0.011710103210775308,-0.00017871728128245604
Fe,1000,-0.77,-0.916,-0.831,-0.144,compiled_csv,8.398,-2.6020000000000003,0.14600000000000002,0.8523076923068181,$\alpha_2$-dominated,-0.06793486122897806,-2.414809141804305,1.7725730162809228,-0.029871256952167934,-0.0001811291318210355
Fe,1003,-0.762,-0.907,-0.699,-0.14,compiled_csv,8.054,-2.576,0.14500000000000002,0.833134684146802,$\alpha_2$-dominated,-0.14568357630822845,-2.3905181157262954,1.5383985510178715,0.18132422787722244,-0.00016330199490140597
Fe,1010,-0.766,-0.921,-0.784,-0.124,compiled_csv,8.192,-2.608,0.15500000000000003,0.8634361233470668,$\alpha_2$-dominated,-0.0777075852213701,-2.4517211317340997,1.6551692703770384,0.06948732133344196,-0.00017271704963651147
Fe,1023,-0.755,-0.93,-0.772,-0.152,compiled_csv,8.192,-2.615,0.17500000000000004,0.8354978354969312,$\alpha_2$-dominated,-0.13710028583692097,-2.457412233225725,1.6385723020119893,0.053233821233324465,-0.00017036323479581529
Fe,1024,-0.758,-0.925,-0.793,-0.14,compiled_csv,8.21,-2.608,0.16700000000000004,0.8499464094310291,$\alpha_2$-dominated,-0.09704632532237954,-2.4585397297273515,1.6584917580056224,0.03517764219271,-0.00017277226506897238
Fe,1033,-0.738,-0.936,-0.788,-0.147,compiled_csv,8.068,-2.6100000000000003,0.19800000000000006,0.8427807486622002,$\alpha_2$-dominated,-0.11663057171952763,-2.515016989687951,1.570975095538868,0.03443682253188824,-0.0001669062065323482
Fe,1034,-0.719,-0.911,-0.739,-0.129,compiled_csv,7.7459999999999996,-2.541,0.19200000000000006,0.8513824884782818,$\alpha_2$-dominated,-0.08117383602534804,-2.5073329784240386,1.3635162832824776,0.13153005917744665,-0.0001548937413590599
Fe,1039,-0.743,-0.897,-0.704,-0.131,compiled_csv,7.876,-2.537,0.15400000000000003,0.8431137724540801,$\alpha_2$-dominated,-0.10396308845414054,-2.4169902689548843,1.42979177803158,0.18350337515313403,-0.0001580233119412232
Fe,1081,-0.753,-0.9,-0.679,-0.069,compiled_csv,7.6579999999999995,-2.553,0.14700000000000002,0.9077540106939737,$\alpha_2$-dominated,-0.036382420010987036,-2.4785723260545693,1.3367747968186974,0.30181773841801574,-0.00015264738222503933
Fe,1090,-0.719,-0.902,-0.688,-0.125,compiled_csv,7.628,-2.523,0.18300000000000005,0.846248462483584,$\alpha_2$-dominated,-0.1012971849179067,-2.4816920694967277,1.280961585603434,0.21588628155523065,-0.00014879378093942723
Fe,1123,-0.676,-0.867,-0.69,-0.136,compiled_csv,7.332000000000001,-2.41,0.19099999999999995,0.8353510895873664,$\alpha_2$-dominated,-0.045293600602601326,-2.470421522372225,1.0709303053952721,0.19469593950576117,-0.00013866345947499781
Fe,1135,-0.716,-0.904,-0.692,-0.12,compiled_csv,7.5920000000000005,-2.524,0.18800000000000006,0.8522167487674234,$\alpha_2$-dominated,-0.09172220660067688,-2.499562230359553,1.2638977462319982,0.21601594052737713,-0.00014795534185012385
Fe,1150,-0.701,-0.891,-0.712,-0.109,compiled_csv,7.468,-2.483,0.19000000000000006,0.8672350791706855,$\alpha_2$-dominated,-0.0333504982807093,-2.516123632110796,1.190650600789,0.19707441616737487,-0.00014545628855356835
Fe,1158,-0.684,-0.89,-0.661,-0.127,compiled_csv,7.3020000000000005,-2.464,0.20599999999999996,0.8388324873085802,$\alpha_2$-dominated,-0.0898645682032711,-2.5155961127218625,1.0672178351351271,0.25369038766876256,-0.00013624194526063292
Fe,1180,-0.676,-0.906,-0.721,-0.124,compiled_csv,7.346,-2.488,0.22999999999999998,0.8532544378688127,$\alpha_2$-dominated,-0.05762964193926311,-2.5845085987034615,1.1140816935134585,0.16440522861831777,-0.00014040350515709944
V,300,-0.679,-0.452,-0.405,0.134,compiled_csv,5.706000000000001,-1.5830000000000002,-0.22700000000000004,0.751391465675786,$\alpha_2$-dominated,0.7350689147765846,-1.7648776765269938,-0.014522798149406591,0.9505538576716821,-9.294543918978236e-05
